price,area,bedrooms,bathrooms,stories,mainroad,guestroom,basement,hotwaterheating,airconditioning,parking,prefarea,furnishingstatus
3622648,8920,2,3,3,yes,no,yes,yes,no,1,yes,unfurnished
1823095,2510,3,2,2,yes,yes,no,yes,no,1,no,furnished
2549343,7040,4,1,2,yes,no,no,no,yes,2,no,furnished
3833586,15068,2,2,2,yes,no,no,no,no,3,no,unfurnished
2443616,6841,2,2,2,yes,no,yes,no,no,3,no,unfurnished
3987733,13614,6,2,1,yes,yes,no,yes,no,3,no,semi-furnished
3132003,12934,4,2,2,no,no,no,no,no,1,no,semi-furnished
2227999,7384,1,3,2,no,no,no,no,no,1,yes,furnished
2839695,7915,3,2,4,yes,no,no,no,no,2,no,furnished
1915878,2116,3,2,1,no,no,yes,no,yes,3,no,semi-furnished
4442294,15176,4,2,2,yes,no,no,no,no,0,yes,furnished
2218754,6076,3,2,2,yes,no,no,no,no,1,yes,semi-furnished
3448537,7228,2,3,2,yes,no,yes,yes,no,0,yes,unfurnished
3282095,16073,2,2,2,no,no,no,no,yes,1,no,unfurnished
3504013,13286,3,2,2,yes,no,no,yes,no,1,yes,furnished
4034199,13013,4,3,3,yes,no,yes,no,yes,1,yes,semi-furnished
3140874,12761,2,2,3,yes,no,no,no,no,0,no,semi-furnished
2572197,9972,5,2,2,no,no,no,no,yes,1,no,unfurnished
2425512,3335,3,2,3,no,no,no,no,yes,2,yes,furnished
1750000,2419,2,2,2,no,no,yes,no,no,0,no,furnished
3943392,12233,2,3,2,yes,no,no,no,yes,2,no,furnished
3494426,15453,2,1,1,yes,no,yes,no,no,1,no,semi-furnished
3034972,8599,5,2,4,yes,no,no,no,no,2,no,semi-furnished
2166985,4083,4,1,1,yes,no,yes,no,no,0,yes,unfurnished
2866314,6961,3,3,1,yes,no,no,no,yes,3,yes,semi-furnished
2339401,6701,4,2,1,yes,yes,no,no,yes,1,no,furnished
2820384,8070,3,3,2,no,yes,no,no,no,3,yes,semi-furnished
2645349,2834,4,2,1,no,no,no,no,no,3,yes,furnished
2040674,6205,1,3,1,no,yes,no,no,no,0,no,unfurnished
2669580,5035,3,4,1,no,yes,no,no,no,0,yes,unfurnished
3107382,13959,2,3,1,yes,no,yes,yes,yes,0,no,unfurnished
2862482,8046,2,3,2,yes,yes,no,no,no,1,yes,unfurnished
3231703,14685,3,2,2,no,yes,yes,yes,no,0,no,furnished
3257180,12746,2,2,2,yes,no,no,no,yes,0,no,furnished
2852363,10316,2,2,2,no,yes,yes,no,yes,1,no,semi-furnished
2669532,10924,3,1,2,yes,no,no,no,no,0,yes,unfurnished
2801805,4208,6,2,1,yes,no,no,no,yes,0,no,furnished
3033553,9499,2,2,2,yes,no,no,no,yes,1,no,furnished
1750000,3697,1,2,4,no,yes,yes,no,no,0,no,unfurnished
2392893,4397,4,2,2,no,no,no,no,yes,1,no,furnished
3773495,10817,4,3,1,yes,no,no,no,yes,1,no,semi-furnished
3172658,11648,3,2,2,no,no,no,no,no,1,no,semi-furnished
2396268,1839,3,3,2,yes,no,yes,no,no,2,no,furnished
2688300,4384,4,3,2,yes,no,no,no,no,1,no,furnished
2363108,4655,1,4,1,yes,no,no,no,no,1,yes,unfurnished
2858953,6308,5,2,1,yes,no,no,no,no,1,no,semi-furnished
2050264,3549,5,3,1,yes,no,no,no,no,2,no,unfurnished
3404075,9384,3,4,4,no,no,no,no,no,2,no,semi-furnished
2002928,2917,1,4,3,no,no,yes,no,no,2,no,furnished
2620421,3178,5,1,1,yes,yes,yes,no,no,2,no,unfurnished
3652181,13044,3,2,1,yes,no,yes,yes,yes,0,no,semi-furnished
2656420,5206,3,2,3,no,yes,yes,no,no,0,yes,furnished
2099253,5540,4,1,1,no,yes,no,no,no,0,yes,unfurnished
3461123,10488,4,2,1,no,yes,no,no,yes,3,no,furnished
4983917,16006,5,3,4,yes,no,yes,no,yes,2,no,furnished
4045397,12730,5,3,1,yes,no,no,no,no,2,yes,furnished
4407310,16152,5,1,2,yes,yes,yes,no,no,1,yes,semi-furnished
3894507,7043,4,3,4,yes,yes,no,no,no,2,yes,semi-furnished
3117003,12277,4,2,2,yes,no,no,yes,yes,0,no,semi-furnished
3625223,10442,4,3,1,no,no,yes,no,yes,0,yes,unfurnished
3653014,12205,3,4,1,yes,no,yes,yes,no,1,no,unfurnished
3483384,11903,2,2,3,yes,no,no,no,no,1,no,furnished
3326093,10083,4,2,3,yes,no,yes,no,yes,1,no,furnished
3936504,11883,4,3,3,yes,yes,no,yes,no,2,no,furnished
3558100,12666,4,2,1,yes,no,no,no,yes,0,no,furnished
3472828,9163,4,1,3,yes,no,no,yes,no,1,yes,semi-furnished
2912795,4262,4,3,4,yes,yes,yes,no,no,1,no,unfurnished
1750000,8691,2,2,2,no,no,no,no,no,0,no,unfurnished
3503963,11205,3,3,4,no,yes,no,no,no,2,no,furnished
3586318,7885,2,2,3,yes,no,no,no,no,2,yes,semi-furnished
3421207,7136,3,3,2,yes,no,yes,no,no,2,yes,semi-furnished
3138784,8749,1,2,2,no,no,no,no,no,2,yes,furnished
4274518,11320,4,4,2,yes,no,no,yes,yes,2,no,semi-furnished
3470460,12398,3,3,1,yes,no,no,no,no,0,no,unfurnished
2568240,2425,4,1,2,no,yes,yes,no,yes,2,yes,semi-furnished
3537833,13856,3,2,2,yes,yes,no,no,no,1,no,unfurnished
3960535,9876,4,4,3,yes,no,yes,no,no,0,yes,semi-furnished
4256132,16191,3,2,4,yes,no,no,no,no,0,yes,furnished
2756918,4802,3,1,3,yes,yes,no,no,yes,2,no,semi-furnished
3387309,11797,3,2,1,yes,no,no,no,no,2,yes,furnished
2436164,3235,4,2,1,no,yes,no,no,no,0,no,furnished
2158686,5593,3,3,1,yes,no,no,no,no,2,no,semi-furnished
3930066,9205,5,3,2,yes,yes,no,no,yes,3,no,unfurnished
2477591,4723,1,2,3,no,no,yes,no,no,0,yes,semi-furnished
1944243,2671,3,2,4,yes,no,no,no,no,0,no,semi-furnished
3835496,13303,6,2,2,yes,yes,no,yes,yes,2,no,unfurnished
3465808,12455,3,2,4,no,no,no,no,yes,0,no,unfurnished
3929728,15067,3,1,3,yes,no,yes,yes,no,1,yes,unfurnished
3158084,5493,3,4,2,no,yes,no,no,no,0,yes,furnished
3450233,9639,3,3,3,no,yes,no,no,yes,1,yes,unfurnished
4954037,11342,4,3,2,yes,yes,yes,no,yes,2,yes,furnished
3308097,14640,2,3,1,yes,yes,no,yes,yes,2,no,semi-furnished
2730843,8523,3,2,2,no,no,yes,no,no,2,no,furnished
3264774,7325,3,3,2,yes,no,yes,no,no,2,no,semi-furnished
2477031,1811,5,2,2,no,no,yes,no,no,2,yes,furnished
2523817,5947,3,1,2,yes,yes,yes,no,no,2,no,semi-furnished
3256786,11823,2,2,2,yes,yes,no,no,no,0,yes,semi-furnished
2630056,2645,4,2,2,yes,yes,yes,no,yes,1,no,furnished
3166333,14753,4,3,2,no,no,no,no,yes,0,no,semi-furnished
2788390,13184,2,1,2,no,no,yes,yes,yes,2,no,unfurnished
3015063,14393,3,1,2,yes,yes,no,no,no,1,no,unfurnished
3437007,9279,3,2,2,yes,no,no,no,no,1,yes,furnished
2901789,13640,3,2,1,no,no,yes,no,yes,0,no,unfurnished
3192467,11117,3,3,2,yes,no,yes,no,no,2,no,semi-furnished
1823202,2666,3,2,1,yes,no,no,yes,no,2,no,semi-furnished
2592876,9519,2,2,2,yes,no,yes,no,no,1,no,furnished
2942276,8089,2,2,3,yes,no,no,no,yes,2,no,semi-furnished
3353749,9542,6,2,2,no,no,yes,no,no,0,yes,unfurnished
3314195,8513,4,3,2,yes,no,no,yes,no,1,no,semi-furnished
4229405,9566,3,2,4,yes,yes,yes,yes,yes,2,yes,semi-furnished
3769097,10179,6,3,3,yes,no,no,no,no,1,no,semi-furnished
2569949,2528,4,2,4,no,yes,yes,no,yes,3,no,furnished
3231408,10918,3,2,3,yes,no,no,yes,no,0,yes,unfurnished
2488446,6537,3,4,1,yes,yes,yes,no,no,0,no,unfurnished
3271776,13835,2,1,1,yes,no,no,no,no,3,yes,furnished
1750000,6509,2,1,2,no,no,no,no,no,0,no,unfurnished
3211705,7981,4,3,1,yes,no,yes,no,yes,3,no,furnished
3309227,10221,3,1,2,yes,yes,no,no,no,3,no,unfurnished
2932169,10334,2,3,2,yes,no,yes,no,no,0,no,semi-furnished
3531957,8858,5,2,2,yes,no,no,no,no,1,no,furnished
3171910,6926,4,4,3,yes,no,no,no,no,0,no,semi-furnished
1859389,3712,2,3,3,no,yes,no,yes,no,1,no,semi-furnished
3715766,13726,5,2,2,yes,no,yes,no,no,0,no,furnished
2220784,1714,6,4,3,no,yes,no,no,yes,0,no,semi-furnished
3842407,9656,6,2,2,yes,yes,no,no,no,1,yes,semi-furnished
2222609,4218,2,4,3,no,no,no,no,no,1,yes,unfurnished
2630652,7113,4,1,1,yes,no,no,no,no,3,yes,furnished
4308344,15090,3,2,4,yes,no,no,yes,no,2,no,semi-furnished
2597186,3677,4,2,2,no,no,no,no,yes,2,no,furnished
2445761,4345,6,2,2,no,no,no,no,no,1,no,unfurnished
3368443,11337,4,1,1,yes,no,yes,no,no,2,no,furnished
2787573,6908,4,3,2,yes,no,no,yes,no,1,yes,unfurnished
3084696,7268,5,3,1,no,no,no,no,yes,2,yes,unfurnished
3278328,8386,4,4,1,yes,yes,no,no,no,3,no,semi-furnished
1750000,2041,3,1,2,no,no,no,no,yes,1,no,semi-furnished
3125579,15636,2,2,2,no,no,no,no,no,2,no,furnished
3662450,14356,3,2,2,yes,yes,yes,no,no,2,no,furnished
4238879,14316,5,2,4,yes,no,no,no,yes,3,no,unfurnished
3350176,7542,2,2,2,yes,no,no,no,yes,2,no,unfurnished
2471161,5211,3,2,2,yes,no,no,no,yes,0,no,furnished
3193554,12120,2,3,1,yes,no,yes,no,no,1,no,semi-furnished
2843356,7834,3,2,3,no,no,yes,no,yes,0,yes,unfurnished
3098683,4749,5,2,2,yes,no,yes,no,yes,2,no,semi-furnished
2258464,7928,5,1,4,no,no,no,no,no,0,no,furnished
3434271,10042,2,1,3,yes,no,yes,no,no,2,no,furnished
4066882,15801,5,1,2,yes,no,no,no,no,0,yes,furnished
3674653,14717,3,4,1,yes,yes,no,yes,no,0,no,unfurnished
2839031,4754,3,1,3,yes,yes,yes,no,yes,1,no,semi-furnished
2945173,8865,4,1,3,yes,no,no,no,no,2,yes,semi-furnished
3422975,14440,3,2,1,yes,no,no,yes,no,0,no,unfurnished
2685071,4104,3,3,1,no,no,no,no,no,1,yes,semi-furnished
4160907,13487,4,4,3,yes,no,no,no,no,1,yes,unfurnished
4605422,15689,2,3,1,yes,yes,no,no,no,0,yes,semi-furnished
4077267,10646,3,3,4,yes,yes,no,no,no,0,yes,furnished
3797928,16084,3,2,2,yes,no,no,no,no,2,no,unfurnished
3089289,4381,3,1,1,yes,yes,no,yes,yes,1,yes,semi-furnished
5577510,15833,3,4,3,yes,yes,yes,yes,yes,0,yes,furnished
4408501,12615,3,3,2,yes,yes,no,yes,yes,2,yes,semi-furnished
4103591,9804,4,2,2,yes,no,no,no,yes,3,yes,furnished
4082462,11412,4,3,1,yes,no,no,no,no,1,yes,semi-furnished
2403236,6706,4,3,1,no,yes,yes,no,yes,1,no,unfurnished
2809949,9760,4,2,2,yes,no,no,no,no,2,yes,unfurnished
4477723,15423,4,4,2,yes,no,yes,no,yes,3,no,unfurnished
3393112,12532,2,4,2,yes,no,no,yes,yes,2,no,furnished
2879501,5490,3,2,3,yes,yes,no,yes,no,1,yes,semi-furnished
2402452,2678,3,3,2,no,no,yes,yes,yes,1,no,furnished
2551858,9035,2,1,1,yes,no,no,no,no,2,yes,unfurnished
2287282,2152,3,3,2,yes,no,no,no,no,0,yes,semi-furnished
2992300,8560,3,1,4,yes,no,no,no,yes,1,yes,semi-furnished
4839993,14335,4,2,3,yes,yes,yes,yes,yes,2,yes,unfurnished
3633520,10712,6,4,2,yes,no,yes,no,no,2,no,semi-furnished
2345569,8588,3,2,1,yes,no,yes,yes,yes,1,no,semi-furnished
2845738,6138,3,2,2,no,yes,yes,no,yes,2,yes,unfurnished
1915785,1856,1,2,3,yes,no,no,no,yes,0,no,unfurnished
3635869,6784,5,1,3,yes,yes,yes,no,yes,1,yes,furnished
2752070,7627,5,3,2,yes,no,no,no,no,2,no,semi-furnished
3078815,9371,3,1,3,yes,no,yes,yes,no,0,yes,unfurnished
3260541,8685,4,1,3,yes,no,no,no,no,0,yes,furnished
2224515,3134,2,2,1,no,no,no,no,yes,3,yes,semi-furnished
3106664,9508,2,3,2,no,no,no,no,yes,0,yes,furnished
1972501,2513,2,3,1,yes,no,yes,no,no,0,no,semi-furnished
1750000,4440,3,1,1,no,no,no,no,no,3,no,furnished
3169353,9058,6,2,3,no,no,no,no,no,2,yes,semi-furnished
2701087,10405,4,2,2,no,no,yes,yes,no,2,no,furnished
3144095,6766,3,2,2,yes,yes,yes,no,no,2,no,semi-furnished
3337899,14033,4,3,1,no,no,no,no,no,0,no,unfurnished
3512507,7669,5,2,2,yes,no,no,no,yes,2,yes,unfurnished
1750000,3407,6,2,1,no,yes,no,no,no,1,no,unfurnished
2882364,9224,2,2,1,yes,no,yes,no,no,2,no,semi-furnished
3539082,8024,3,3,2,yes,no,no,no,yes,1,no,furnished
2841908,8542,2,2,1,no,yes,no,yes,yes,1,no,furnished
2252086,3328,3,2,2,yes,no,no,no,no,1,yes,unfurnished
2285475,4892,2,2,1,no,no,no,yes,no,1,yes,semi-furnished
2359054,6286,4,2,1,no,no,no,no,no,2,no,furnished
2559992,2709,3,3,1,yes,yes,no,no,yes,1,no,unfurnished
3812445,8318,2,2,2,yes,yes,yes,yes,yes,1,yes,furnished
3729410,15121,3,3,2,yes,no,no,no,no,1,no,furnished
3285127,11564,3,3,2,yes,no,yes,no,yes,1,no,unfurnished
3100333,13156,3,2,2,yes,no,no,no,no,2,no,unfurnished
2445665,4807,3,2,3,no,no,no,no,yes,2,no,semi-furnished
2341618,7565,1,3,1,yes,yes,no,no,no,2,no,unfurnished
3665551,12467,3,2,2,yes,no,yes,yes,no,3,yes,semi-furnished
3173943,12571,3,2,3,no,yes,no,yes,no,2,no,unfurnished
4479307,11439,4,4,2,yes,no,no,yes,no,1,yes,furnished
3727792,12902,3,1,2,yes,no,yes,no,no,2,yes,furnished
2301724,4343,2,1,4,no,no,yes,yes,no,3,yes,semi-furnished
4141419,14733,2,2,3,yes,no,yes,no,yes,1,yes,unfurnished
4533781,14989,5,4,1,no,yes,yes,no,no,2,yes,semi-furnished
3405438,15581,3,1,2,no,no,yes,no,yes,2,yes,furnished
2125037,5277,3,1,2,no,no,yes,no,no,1,no,furnished
3528887,11205,5,1,2,yes,no,yes,no,no,0,yes,unfurnished
3221841,11823,2,1,2,yes,yes,no,no,yes,1,no,furnished
3511707,7100,5,1,2,yes,no,no,yes,no,3,yes,semi-furnished
2454589,3313,3,2,2,no,no,no,no,yes,2,no,furnished
3297860,11371,2,2,2,no,yes,no,no,yes,1,no,furnished
3559309,11880,3,2,3,yes,no,no,yes,no,3,yes,semi-furnished
2456746,7242,4,2,2,yes,no,no,yes,no,1,no,semi-furnished
3273920,13144,3,1,1,yes,no,no,no,no,1,no,semi-furnished
3647102,12079,6,2,2,yes,yes,no,yes,yes,2,no,furnished
2640805,9042,3,2,1,no,yes,no,no,yes,2,no,unfurnished
4606927,15346,4,3,2,yes,yes,yes,yes,yes,0,no,furnished
2848817,15338,3,1,2,no,no,yes,no,yes,1,no,semi-furnished
1750000,2956,4,2,1,no,no,no,no,no,1,no,unfurnished
4269558,13871,3,2,2,yes,yes,no,no,no,1,yes,furnished
2129707,8426,2,3,1,yes,no,yes,no,no,1,no,unfurnished
3554661,12517,1,3,1,yes,no,no,no,no,1,no,furnished
3415350,14910,2,2,2,yes,yes,no,yes,yes,0,no,semi-furnished
2479240,7514,1,2,2,no,no,no,no,no,1,yes,semi-furnished
3171041,11124,2,4,4,no,no,no,no,yes,0,no,unfurnished
2743734,9176,4,1,2,no,no,no,no,yes,1,no,furnished
2796581,10551,3,1,2,yes,no,no,no,no,2,yes,semi-furnished
3457391,7225,4,2,2,yes,yes,no,yes,yes,2,no,unfurnished
2611165,7180,5,1,1,no,no,yes,no,yes,1,no,semi-furnished
4432432,14586,3,4,4,yes,no,no,no,no,0,no,semi-furnished
2390964,6063,4,3,2,yes,no,no,yes,no,0,no,furnished
2727369,5398,4,2,3,yes,no,no,no,no,1,yes,unfurnished
3818208,15195,3,2,1,yes,no,no,yes,yes,0,no,furnished
4128844,14621,2,4,2,yes,no,no,yes,yes,1,no,furnished
2480725,2313,2,3,2,yes,no,no,yes,no,0,yes,semi-furnished
2556064,3648,3,2,3,no,no,no,yes,yes,2,yes,semi-furnished
3620327,9644,3,4,1,yes,no,no,no,no,1,no,unfurnished
4069262,13287,2,4,2,yes,no,no,yes,yes,0,yes,unfurnished
3660803,13585,5,3,4,yes,yes,no,no,no,2,yes,unfurnished
3629230,15569,4,1,2,no,yes,yes,no,yes,1,no,unfurnished
2567289,3145,1,2,2,yes,yes,no,yes,no,0,yes,semi-furnished
2097028,4954,3,3,1,yes,no,no,no,no,1,no,furnished
2137663,5413,1,2,4,yes,no,no,no,no,1,yes,unfurnished
2402543,6882,3,3,1,no,no,no,no,yes,2,no,furnished
1750000,3503,3,1,3,yes,no,no,yes,no,0,no,semi-furnished
3445719,15458,4,1,3,no,no,no,no,no,1,yes,unfurnished
2543339,8235,3,2,1,no,yes,no,no,no,0,no,semi-furnished
4223029,14501,4,1,2,yes,no,yes,yes,no,0,yes,unfurnished
2245054,2941,6,4,1,no,no,yes,yes,yes,2,no,furnished
2476493,5231,2,3,1,yes,no,yes,no,yes,2,no,semi-furnished
3829679,13299,4,3,3,no,yes,no,yes,no,1,no,furnished
3137323,9204,3,2,3,yes,no,no,no,yes,1,no,semi-furnished
3180881,8930,3,2,2,no,no,no,no,no,0,yes,unfurnished
1750000,3286,3,2,2,yes,no,no,no,no,2,no,semi-furnished
1750000,5346,4,2,1,yes,no,no,no,no,0,no,furnished
4467993,12841,4,2,1,yes,no,yes,yes,no,0,yes,furnished
3825250,12994,4,2,1,yes,yes,no,yes,no,1,no,furnished
2513828,2348,5,2,1,yes,no,no,no,yes,1,yes,semi-furnished
3541739,12002,4,2,2,yes,no,yes,no,yes,1,no,unfurnished
4785035,13939,6,4,2,yes,no,yes,no,no,0,yes,furnished
2781653,6387,4,3,2,yes,no,yes,no,yes,1,no,unfurnished
4071043,15527,4,2,1,no,no,yes,yes,yes,1,yes,unfurnished
2511964,2504,3,2,2,yes,yes,no,yes,no,0,yes,semi-furnished
3740479,9814,2,3,3,yes,no,yes,no,no,2,no,semi-furnished
2544685,7505,4,1,1,yes,no,no,yes,no,0,no,unfurnished
3977256,9042,3,3,4,yes,no,no,no,yes,1,no,furnished
3170068,8178,3,3,3,no,yes,no,no,yes,2,yes,furnished
4026920,13316,5,2,1,yes,no,no,no,yes,0,yes,furnished
3330544,15599,3,2,3,no,no,no,no,no,1,no,unfurnished
1750000,6899,3,2,2,no,no,no,yes,no,2,no,unfurnished
2841417,6822,4,2,2,no,no,no,no,no,0,yes,unfurnished
2469072,3357,4,1,2,yes,no,yes,no,no,3,no,furnished
2960322,12619,3,3,2,no,no,no,no,no,1,no,semi-furnished
2362329,7441,4,1,2,no,yes,yes,no,no,0,no,furnished
3910910,11575,4,2,2,yes,no,no,no,yes,1,no,furnished
2655418,7185,2,4,2,yes,no,yes,yes,no,1,no,semi-furnished
3133785,6581,1,3,2,yes,no,no,yes,no,2,yes,unfurnished
2655188,5160,4,2,2,yes,no,no,no,no,2,yes,unfurnished
2327558,1852,3,2,3,yes,yes,no,no,no,2,no,semi-furnished
3398639,13097,2,1,1,yes,yes,yes,yes,no,3,no,furnished
3342798,5868,3,3,1,yes,no,yes,no,no,2,no,furnished
3127722,14338,3,1,3,yes,no,yes,no,no,1,no,semi-furnished
2817055,10608,3,2,2,yes,no,yes,yes,no,1,no,unfurnished
2313232,6039,3,4,1,yes,no,no,no,yes,1,no,unfurnished
2087982,3977,3,1,1,yes,no,yes,no,yes,0,yes,semi-furnished
3658958,9654,3,3,1,yes,no,no,yes,no,2,yes,semi-furnished
3455579,4581,4,4,4,yes,no,no,no,no,1,no,furnished
2723454,9427,2,1,2,no,no,yes,no,yes,0,no,furnished
2638492,1847,4,3,4,yes,no,no,no,no,0,yes,semi-furnished
2852665,8775,3,2,2,yes,no,yes,no,yes,1,no,furnished
3164925,3580,5,4,2,no,yes,yes,no,yes,1,no,semi-furnished
2990539,13424,3,2,2,yes,no,yes,no,no,1,no,unfurnished
3457124,7937,6,3,2,yes,no,no,no,yes,1,yes,semi-furnished
2895959,10450,4,2,1,no,no,no,no,yes,1,no,furnished
3304637,13114,2,3,3,no,no,no,no,yes,2,yes,furnished
2994154,10989,4,3,3,yes,no,no,yes,no,0,no,semi-furnished
3286957,5932,3,2,2,yes,no,yes,no,no,0,yes,semi-furnished
3031027,13239,3,3,4,no,yes,no,no,no,1,no,semi-furnished
1994485,4161,1,2,3,yes,no,no,yes,no,1,yes,semi-furnished
3134229,11636,3,1,2,yes,no,yes,no,yes,0,no,semi-furnished
1750000,2309,3,1,1,no,no,yes,yes,no,1,no,unfurnished
2689542,4461,3,2,2,yes,no,no,yes,yes,0,yes,semi-furnished
2516227,8748,5,2,2,yes,yes,yes,no,no,1,no,unfurnished
4400636,15893,2,4,1,yes,no,no,no,no,1,yes,semi-furnished
2542563,8196,3,1,1,no,no,yes,yes,no,1,yes,furnished
4083564,11211,3,3,3,yes,no,yes,no,yes,2,no,semi-furnished
1779234,3636,2,1,1,yes,no,yes,no,no,0,yes,semi-furnished
4446108,15472,3,3,2,yes,no,yes,no,yes,3,no,unfurnished
4267265,9988,4,4,4,yes,yes,no,no,yes,1,no,unfurnished
3087847,13061,3,2,3,yes,no,no,no,no,1,no,unfurnished
2747065,4561,2,3,1,no,no,no,yes,yes,2,yes,unfurnished
1750000,3384,3,1,3,yes,yes,no,no,no,2,no,semi-furnished
2263196,3493,1,3,1,yes,yes,no,no,yes,1,no,semi-furnished
3939568,10330,5,2,1,no,yes,no,no,yes,1,yes,semi-furnished
2606927,4626,2,4,2,yes,yes,yes,no,no,0,no,unfurnished
2521037,3609,3,1,2,no,no,no,yes,no,0,yes,unfurnished
3215477,7409,6,2,2,yes,no,no,no,no,1,no,furnished
3185138,8344,3,3,2,yes,no,yes,yes,no,1,yes,unfurnished
3206815,4035,5,2,1,yes,no,no,no,no,1,no,furnished
3199040,12761,2,1,1,no,no,yes,no,yes,0,no,semi-furnished
2409307,6386,4,1,2,yes,no,no,no,no,2,yes,furnished
2323510,3452,3,2,3,yes,no,no,no,no,2,yes,semi-furnished
2703202,9805,4,2,2,yes,no,no,no,no,3,no,unfurnished
2723788,9770,2,1,1,yes,no,no,yes,no,1,no,furnished
3205927,8266,2,2,2,yes,no,no,no,no,2,yes,furnished
3676945,15907,2,1,1,no,no,no,yes,no,2,yes,furnished
3618707,16136,4,3,1,yes,yes,no,yes,no,1,no,semi-furnished
2372492,7184,4,1,3,no,no,yes,no,yes,1,no,semi-furnished
2787644,5711,4,2,1,yes,no,no,no,yes,3,no,furnished
2200853,13211,1,1,1,yes,no,no,no,no,1,no,furnished
4322811,15572,5,2,2,yes,no,no,yes,yes,1,yes,semi-furnished
2405490,1912,3,3,2,yes,no,no,no,no,0,no,furnished
2628027,15725,3,2,2,no,no,no,no,no,0,no,unfurnished
2828388,7937,2,1,1,no,no,no,no,no,2,yes,furnished
3797794,10465,4,3,1,yes,no,no,yes,yes,1,no,semi-furnished
3154318,10858,2,3,1,yes,no,no,no,yes,1,no,furnished
3208388,13485,3,1,1,yes,no,yes,no,no,0,yes,semi-furnished
3855888,14818,4,3,2,no,no,no,no,no,1,no,furnished
2574547,3699,2,4,3,yes,yes,no,no,no,1,yes,unfurnished
1948090,7073,3,1,3,yes,no,no,no,no,0,no,unfurnished
3366289,13565,2,3,3,no,yes,yes,no,no,2,no,unfurnished
2296669,6198,3,3,2,yes,no,no,yes,no,0,yes,semi-furnished
1793547,4758,3,2,2,yes,no,no,yes,no,1,no,semi-furnished
3681031,15121,3,1,2,yes,yes,yes,no,yes,2,no,unfurnished
3203868,13932,4,1,2,no,yes,no,no,no,0,no,semi-furnished
2814567,8808,3,3,2,yes,no,no,no,no,2,no,furnished
3377456,11898,3,4,1,yes,no,no,yes,no,2,no,unfurnished
3052462,9050,4,3,2,yes,yes,no,no,yes,2,no,semi-furnished
2656345,4820,3,2,4,yes,no,no,no,no,0,no,furnished
3164144,11524,3,2,1,yes,yes,no,no,no,0,no,furnished
2450213,3905,3,2,1,yes,no,no,no,no,0,yes,furnished
2390995,2804,3,2,2,yes,no,yes,no,yes,1,no,semi-furnished
2612808,6149,3,1,3,yes,no,yes,yes,no,2,no,furnished
3097718,7945,5,3,2,yes,no,no,no,no,2,no,furnished
3569006,7847,4,2,2,yes,no,yes,no,yes,2,no,furnished
3081354,13033,2,3,1,no,no,no,no,no,3,no,semi-furnished
3190224,11538,3,2,2,yes,yes,no,yes,no,2,no,unfurnished
3455693,13833,3,1,2,no,yes,no,yes,no,1,yes,semi-furnished
3884460,14565,5,1,3,no,yes,no,no,no,0,yes,furnished
3495390,14524,1,2,2,yes,no,no,no,yes,2,no,furnished
2862571,3298,2,4,1,yes,yes,no,no,yes,0,yes,unfurnished
2203811,7189,3,1,1,yes,no,no,no,no,0,yes,semi-furnished
3588472,11287,3,3,1,yes,no,yes,no,yes,1,yes,semi-furnished
3268149,5849,5,2,2,yes,no,no,yes,yes,2,no,furnished
3295878,13765,2,3,1,yes,no,no,no,yes,0,no,unfurnished
3613767,10095,4,2,2,yes,no,no,no,yes,2,no,semi-furnished
3275913,13025,2,3,2,no,no,no,no,no,2,no,furnished
3011121,4207,4,3,1,yes,no,yes,no,yes,1,yes,furnished
2013988,7242,2,2,1,no,no,no,no,no,0,no,semi-furnished
1750000,1748,1,1,1,yes,no,no,no,yes,0,no,unfurnished
2444593,3850,4,3,3,no,yes,no,no,no,2,no,unfurnished
5346535,15822,6,4,1,yes,no,no,yes,yes,2,yes,semi-furnished
2637898,4611,5,1,2,yes,no,no,yes,no,2,yes,unfurnished
4839321,15857,3,3,3,yes,yes,no,no,no,1,yes,furnished
3166782,6623,5,4,2,yes,no,no,yes,yes,0,no,semi-furnished
2572352,6083,1,3,3,yes,yes,no,yes,no,0,no,semi-furnished
5051321,13619,6,4,2,no,no,no,no,yes,2,no,furnished
2749134,4519,3,3,4,yes,yes,yes,no,no,0,no,unfurnished
3503666,13076,4,2,1,yes,no,no,no,yes,1,no,furnished
2925302,13633,4,2,1,no,no,no,no,no,1,no,semi-furnished
2367377,2606,4,2,2,no,no,yes,no,yes,0,yes,semi-furnished
4238833,15642,3,3,4,yes,no,yes,no,no,0,no,semi-furnished
4011903,13909,3,3,3,yes,no,no,yes,yes,1,no,semi-furnished
3355701,10002,4,2,1,yes,no,no,no,yes,0,yes,furnished
2290280,7349,2,3,1,yes,yes,no,yes,no,0,no,unfurnished
3322834,8594,6,3,4,no,no,no,no,no,2,no,semi-furnished
2601308,6143,4,2,1,no,no,yes,yes,yes,2,no,semi-furnished
2934952,11142,2,2,3,no,no,yes,no,yes,0,no,unfurnished
2938176,6561,4,2,3,no,no,yes,no,yes,2,no,unfurnished
3331017,5637,3,1,2,yes,no,yes,no,yes,1,no,furnished
3069359,11369,4,2,2,no,no,yes,no,yes,1,yes,unfurnished
2962508,7665,4,1,2,no,no,no,no,no,2,yes,furnished
4015382,15353,2,1,1,yes,no,no,yes,yes,2,yes,furnished
3319107,15096,3,2,3,no,yes,yes,no,yes,2,no,semi-furnished
3047699,2868,5,2,2,yes,yes,yes,no,no,0,yes,unfurnished
2925331,6146,3,1,3,yes,yes,no,no,no,0,yes,furnished
3309991,6385,3,3,1,no,no,yes,yes,yes,2,yes,semi-furnished
3483154,12946,3,2,4,yes,yes,no,yes,yes,1,no,furnished
3318884,12577,3,4,2,yes,no,no,no,no,0,no,unfurnished
2642890,6205,3,4,1,yes,no,no,no,yes,2,no,semi-furnished
3612410,10796,3,1,1,yes,yes,yes,no,no,2,no,semi-furnished
3394365,9700,2,2,3,no,no,yes,yes,yes,2,no,furnished
3048619,14407,4,1,2,yes,no,no,no,no,1,no,unfurnished
2141488,5096,2,2,3,yes,yes,no,yes,yes,2,no,unfurnished
1750000,2695,2,2,1,no,no,no,yes,no,0,no,semi-furnished
3138316,8543,1,2,1,yes,yes,yes,no,no,0,yes,semi-furnished
1750000,3343,2,2,2,yes,no,no,yes,no,1,no,unfurnished
3683457,16023,3,2,2,yes,no,no,yes,yes,0,no,furnished
1750000,5086,4,1,2,no,no,no,no,yes,1,no,unfurnished
4022603,10404,4,3,4,yes,no,yes,no,yes,2,no,unfurnished
4001561,12327,2,2,4,yes,no,yes,yes,yes,1,yes,furnished
3562469,7545,5,2,4,yes,no,no,yes,yes,0,yes,semi-furnished
2732916,5004,4,2,3,yes,yes,no,yes,no,0,no,furnished
4378075,16012,3,4,2,yes,yes,no,yes,no,1,yes,semi-furnished
1750000,1875,5,1,2,yes,no,no,no,no,1,no,semi-furnished
3321495,6543,6,2,2,yes,no,no,no,no,2,no,semi-furnished
3026105,8672,2,3,3,no,no,no,no,no,2,no,semi-furnished
3238004,10801,3,2,1,yes,no,no,no,yes,1,no,furnished
3028146,7250,5,4,2,no,no,no,no,no,2,no,semi-furnished
4149004,14390,4,3,1,no,yes,no,no,yes,0,no,furnished
2675166,12909,1,3,2,no,no,no,no,no,0,no,unfurnished
3288256,9646,4,3,3,yes,no,no,no,no,2,no,furnished
3727211,10657,4,4,3,yes,yes,yes,no,no,1,no,unfurnished
4605430,14596,4,4,1,yes,yes,no,no,no,3,no,semi-furnished
4209286,9333,4,3,4,yes,yes,yes,no,yes,1,yes,semi-furnished
2557145,6292,4,3,2,yes,no,no,yes,no,2,no,unfurnished
2873990,15153,2,1,1,no,no,no,yes,no,1,no,semi-furnished
2911926,12962,2,1,1,no,yes,yes,no,no,1,no,semi-furnished
3603646,9329,4,2,1,yes,yes,no,no,no,1,yes,furnished
3307387,9858,5,1,1,yes,no,no,no,yes,2,no,semi-furnished
3200566,8989,3,2,4,no,no,yes,no,yes,1,yes,furnished
4112081,11085,3,2,2,yes,no,no,no,yes,3,yes,furnished
2459689,3855,4,2,3,yes,no,no,no,yes,0,no,semi-furnished
2924042,12366,3,3,2,no,no,no,yes,no,0,no,furnished
3142115,2719,4,4,1,yes,no,no,yes,no,1,yes,furnished
2356128,5094,5,1,2,yes,no,yes,no,no,1,no,furnished
3000620,12407,4,2,1,yes,no,yes,no,no,2,no,furnished
3470739,16084,3,3,2,no,yes,no,no,no,1,no,furnished
4047288,15706,3,1,4,yes,yes,no,no,no,2,yes,unfurnished
2835790,2710,3,3,2,yes,yes,no,yes,yes,1,no,furnished
1887789,3977,3,2,2,yes,no,yes,no,no,1,no,semi-furnished
2446901,5070,3,2,1,yes,no,no,no,yes,2,no,furnished
1888647,1951,3,4,1,yes,no,yes,no,yes,0,no,unfurnished
3459949,14118,2,2,1,no,yes,yes,no,no,1,no,furnished
3178479,2256,2,3,2,yes,no,no,yes,yes,3,yes,unfurnished
2849384,4820,3,3,1,no,no,no,yes,yes,2,no,semi-furnished
2824863,2349,3,1,2,yes,yes,no,no,yes,1,yes,furnished
3014692,6738,3,3,2,yes,no,no,no,yes,1,no,unfurnished
2805966,10981,4,4,2,yes,no,no,no,no,0,no,semi-furnished
2502351,1840,4,1,1,yes,no,no,yes,yes,1,yes,furnished
3289632,12142,2,3,1,yes,yes,no,no,yes,2,no,unfurnished
3246039,2630,5,2,4,yes,yes,no,yes,no,2,yes,unfurnished
1769970,4625,3,2,2,yes,no,no,yes,no,0,yes,semi-furnished
2815650,7752,4,2,2,yes,yes,no,no,no,0,no,semi-furnished
2304086,2834,3,2,1,yes,no,yes,no,yes,0,yes,unfurnished
3262538,4977,6,4,4,no,no,no,yes,no,0,no,semi-furnished
3300116,5044,4,4,2,no,no,yes,yes,no,0,yes,unfurnished
2697316,9969,4,2,2,yes,no,no,no,no,1,no,semi-furnished
3362796,11907,4,3,3,yes,no,no,yes,no,0,no,furnished
1869728,3466,2,2,1,yes,yes,yes,no,no,0,no,unfurnished
3325648,7504,2,2,2,yes,no,yes,no,yes,1,no,furnished
3084713,8359,4,3,2,yes,no,no,yes,no,0,no,furnished
1750000,2219,3,2,1,no,no,no,yes,no,0,yes,semi-furnished
3270199,7092,4,2,4,yes,yes,yes,no,no,1,yes,semi-furnished
2471649,3545,2,3,3,yes,no,no,no,yes,0,no,furnished
2421850,4383,3,2,2,no,no,no,no,yes,1,yes,unfurnished
2055463,5513,3,1,1,yes,yes,no,no,yes,0,no,semi-furnished
3515452,14563,3,1,1,no,yes,no,no,yes,2,yes,semi-furnished
3029179,9105,4,2,2,yes,yes,no,no,yes,3,no,unfurnished
3088671,5664,3,3,3,yes,no,yes,no,no,2,no,semi-furnished
3486157,12743,3,2,1,yes,yes,no,no,no,1,yes,furnished
2354241,3336,3,3,2,yes,yes,no,no,no,2,no,furnished
2267694,4659,3,2,3,no,no,yes,no,no,2,yes,unfurnished
2447492,9456,4,2,1,yes,no,yes,no,no,0,no,furnished
1805495,1804,1,2,2,no,yes,yes,no,yes,1,yes,semi-furnished
3967711,12379,3,2,1,yes,yes,no,yes,yes,2,no,semi-furnished
2364883,3059,3,3,4,yes,yes,no,no,yes,1,no,semi-furnished
3967777,13899,4,3,2,yes,yes,no,no,no,0,yes,furnished
1906656,2434,3,2,1,yes,no,no,yes,no,2,yes,semi-furnished
3405026,13017,4,1,2,no,yes,no,yes,yes,2,no,semi-furnished
4082623,9746,6,1,2,yes,yes,yes,no,no,0,yes,unfurnished
2787491,9210,3,1,3,yes,no,yes,no,no,1,no,furnished
3463818,14183,2,3,3,yes,no,no,no,no,0,no,semi-furnished
2640455,8993,3,2,2,yes,no,yes,no,no,2,no,semi-furnished
2482794,8856,3,2,1,yes,no,no,no,no,0,no,semi-furnished
3220695,7246,4,2,1,yes,no,no,yes,yes,1,no,semi-furnished
2521502,7451,5,1,1,no,no,yes,no,no,2,no,furnished
2948811,4456,2,2,2,yes,no,no,no,yes,1,no,furnished
2522153,2187,2,2,3,yes,no,no,no,no,2,yes,unfurnished
2896785,7636,3,2,2,yes,no,no,no,no,1,yes,semi-furnished
2422093,3491,4,2,1,yes,yes,yes,no,yes,0,no,semi-furnished
4030816,14858,3,3,2,no,no,no,yes,no,1,no,furnished
3589807,12297,2,1,3,yes,yes,yes,no,no,0,yes,furnished
4530256,10366,5,4,3,yes,no,no,yes,yes,1,no,furnished
3621602,8621,4,2,3,yes,no,yes,no,no,0,no,furnished
3024484,7275,1,3,1,yes,no,no,yes,yes,2,yes,semi-furnished
2573586,4600,4,2,1,yes,yes,no,yes,no,3,no,unfurnished
3887461,9642,4,3,3,no,no,no,no,no,3,yes,furnished
3576740,13973,3,3,2,no,no,yes,no,no,1,no,semi-furnished
2664047,6430,2,2,2,no,no,yes,no,no,0,yes,furnished
3074367,13957,2,2,3,yes,no,yes,yes,no,1,no,semi-furnished
2507814,4018,2,2,3,yes,no,yes,yes,no,2,yes,furnished
3480989,13689,4,2,2,yes,no,yes,no,yes,0,no,unfurnished
3313976,8305,5,1,2,yes,no,no,yes,no,3,no,semi-furnished
2716377,9823,2,2,2,no,no,yes,yes,yes,1,yes,unfurnished
2945818,6145,2,2,2,yes,yes,yes,no,no,3,no,unfurnished
3274540,12543,2,2,2,no,no,no,no,yes,2,no,semi-furnished
3961959,10813,2,3,3,no,no,yes,no,yes,2,yes,semi-furnished
2895900,7652,4,3,3,yes,no,yes,no,no,1,no,furnished
3946010,8264,3,4,3,yes,yes,yes,no,yes,0,yes,semi-furnished
3100722,11008,3,2,1,yes,no,no,no,yes,1,no,unfurnished
3963380,15053,2,2,3,yes,no,yes,no,yes,1,no,furnished
3638927,14771,4,2,3,no,no,no,yes,yes,0,no,unfurnished
3161012,7569,3,2,2,yes,no,no,yes,yes,1,yes,semi-furnished
3910642,12616,4,3,3,yes,no,yes,no,yes,1,no,unfurnished
3307189,11824,2,2,3,yes,no,no,yes,no,1,no,unfurnished
1905436,2503,4,3,2,no,no,yes,no,yes,1,no,semi-furnished
3147595,5796,4,2,2,yes,yes,yes,yes,no,0,no,semi-furnished
3449709,13578,2,2,1,no,no,no,no,yes,3,no,semi-furnished
2164909,5419,3,2,2,yes,no,no,no,no,0,yes,unfurnished
2314270,2224,5,2,2,no,no,no,yes,no,1,yes,unfurnished
4333839,13103,5,2,3,no,no,yes,yes,yes,1,yes,unfurnished
1903152,2798,3,2,1,yes,no,no,no,no,2,yes,semi-furnished
2345183,7943,3,1,1,yes,yes,no,no,no,0,no,semi-furnished
3110355,8107,5,2,2,no,yes,yes,no,no,1,yes,unfurnished
2876995,9159,3,1,1,yes,yes,yes,no,no,1,yes,semi-furnished
3080117,11557,1,2,1,no,yes,yes,no,yes,0,yes,unfurnished
2885424,6427,5,2,1,yes,no,yes,no,no,1,yes,semi-furnished
4123042,14775,2,2,1,no,yes,no,no,no,3,yes,furnished
2417526,5504,3,3,1,no,no,no,no,no,3,yes,semi-furnished
3239543,15015,2,1,2,no,no,no,no,yes,0,no,semi-furnished
1750000,4141,1,3,2,yes,no,yes,no,no,0,no,furnished
3706717,12502,3,2,3,yes,no,no,no,no,1,yes,furnished
2654313,4774,4,2,2,yes,no,yes,no,yes,1,no,semi-furnished
3646042,7341,3,3,3,yes,yes,yes,no,yes,0,yes,furnished
2322234,4701,2,1,1,yes,no,yes,yes,yes,0,yes,semi-furnished
2084765,1654,2,2,1,yes,yes,yes,yes,no,3,yes,unfurnished
2509722,6872,3,2,3,no,no,no,no,no,3,no,unfurnished
2905287,6965,6,2,1,yes,no,no,no,no,0,no,unfurnished
2802821,6519,3,2,2,yes,yes,no,no,no,1,yes,unfurnished
2259388,2526,3,2,2,yes,yes,yes,yes,no,1,yes,semi-furnished
